title,creator,date,description,subject,location,latitude,longitude,source,identifier,type,format,language,rights,rightsstatement,object_thumb,object_location,reference_url
"Spokane, the Playground of the Nation","&lt;em&gt;Algemeen Handelsblad&lt;/em&gt;","1931-01-31","Article in the Amsterdam-based newspaper, &lt;em&gt;Algemeen Handelsblad&lt;/em&gt;, describing the history of Dutch investment in Spokane, WA.","newspapers;articles;urban development;street scenes;pedestrians","Amsterdam, NL","52.36763599","4.899494781","Delpher","","Image;StillImage","image/jpeg","nl","","http://rightsstatements.org/vocab/NoC-US/1.0/","http://localhost:4000/make_believe_public/objects/thumbs/make_believe_001_th.jpg","http://localhost:4000/make_believe_public/objects/make_believe_001.jpg",/make_believe_public/items/make_believe_001.html
"Spokane Fire, 1889 (#14)","","1889-08-05","Looking north from Railroad Avenue after the fire.","fires (events);ruins;tents","North Railroad Avenue, Spokane, WA","47.38632621","-117.172104","Teakle Collection. Northwest Room. Spokane Public Library","","Image;StillImage","image/jpeg","eng","Spokane Public Library has determined that this unpublished photograph was created before 1900 and has passed into the public domain.","http://rightsstatements.org/vocab/NoC-US/1.0/","http://localhost:4000/make_believe_public/objects/thumbs/make_believe_002_th.jpg","http://localhost:4000/make_believe_public/objects/make_believe_002.jpg",/make_believe_public/items/make_believe_002.html
"Spokane Fire, 1889 (#24)","Robert B. Hyslop","1982","Map showing boundaries of the August 4, 1889 fire. Map owned and drawn by Robert Hyslop, 1982.","base maps;fires (events);cartography (discipline)","Spokane, WA","47.65849572","-117.4203818","Northwest Room, Spokane Public Library","","Image;StillImage","image/jpeg","eng","Spokane Public Library is reasonably sure that the object is in copyright. A good faith effort by Spokane Public Library has been made to identify the copyright holder of this object, but none has been identified or located as of 2020. Please contact nwroom@spokanelibrary.org for more information about how this object can be used.","http://rightsstatements.org/vocab/InC-EDU/1.0/","http://localhost:4000/make_believe_public/objects/thumbs/make_believe_003_th.jpg","http://localhost:4000/make_believe_public/objects/make_believe_003.jpg",/make_believe_public/items/make_believe_003.html
"County Deed Records, 1893–97","","1925","Hypotheekbank property ownership noted on business district map of Spokane. From 1925 map, &lt;em&gt;Spokane City Engineer&lt;/em&gt;.","business districts;central business districts;base maps","Spokane, WA","47.65849572","-117.4203818","","","Image;StillImage","image/jpeg","eng","","http://rightsstatements.org/vocab/InC-EDU/1.0/","http://localhost:4000/make_believe_public/objects/thumbs/make_believe_004_th.jpg","http://localhost:4000/make_believe_public/objects/make_believe_004.jpg",/make_believe_public/items/make_believe_004.html
"Dutch Cocoa Powder Tin","Cocoamill de Zaanstroom","1905-03-14","Decorative tin of Dutch cocoa powder housed in Sloane&#39;s Northwest Museum of Arts and Culture.","tinsmiths;plates (illustrations);windmills;waterways;floral patterns","Zaanstroom, Wormerveer, NL","52.49479482","4.793980084","Eastern Washington State Historical Society. Artifacts Collection. Northwest Museum of Arts and Culture, Spokane, WA.","","Image;StillImage","image/jpeg","nl","","http://rightsstatements.org/vocab/InC-EDU/1.0/","http://localhost:4000/make_believe_public/objects/thumbs/make_believe_005_th.jpg","http://localhost:4000/make_believe_public/objects/make_believe_005.jpg",/make_believe_public/items/make_believe_005.html
"Spokane Pow Wow Parade","","1913","Parade in Spokane Pow Wow event featuring a performer in a powdered wig and stilts with marching band playing on the street behind him.","parades;street scenes;musical instruments","Spokane, WA","47.65849572","-117.4203818","E.T. Hawk Photograph Collection. Item SPC-023-0996_01_211. Eastern Washington University Archives, John F. Kennedy Memorial Library, Cheney, WA.","","Image;StillImage","image/jpeg","eng","","http://rightsstatements.org/vocab/NoC-US/1.0/","http://localhost:4000/make_believe_public/objects/thumbs/make_believe_006_th.jpg","http://localhost:4000/make_believe_public/objects/make_believe_006.jpg",/make_believe_public/items/make_believe_006.html
"Spokesman-Review Letterhead","The Spokesman-Review and Spokane Daily Chronicle","1936-11-01","Detail from a correspondence between the paper and Spokane Flour Mills.","letterheads;marginal illustrations;bell towers;Doric columns;base maps;street scenes","Spokane, WA","47.65849572","-117.4203818","Spokane Flour Mill Records, 1903–1948. Ms 3. Eastern Washington State Historical Society (Northwest Museum of Arts and Culture). Spokane, WA.","","Image;StillImage","image/jpeg","eng","","http://rightsstatements.org/vocab/NoC-US/1.0/","http://localhost:4000/make_believe_public/objects/thumbs/make_believe_007_th.jpg","http://localhost:4000/make_believe_public/objects/make_believe_007.jpg",/make_believe_public/items/make_believe_007.html
"Illustration of South African Dutch Colonial Interests","","1890","Overlapping illustrations of scenes in South Africa, including a ship&#39;s perspective view of Cape Town and a bird&#39;s eye perspective of diamond mine operations.","bird&#39;s-eye views;colonies;mining;ships;urban landscapes","Kimberely, ZA","-28.73891102","24.75849334","David Rumsey Historical Map Collection","","Image;StillImage","image/jpeg","nl","","http://rightsstatements.org/vocab/NoC-US/1.0/","http://localhost:4000/make_believe_public/objects/thumbs/make_believe_008_th.jpg","http://localhost:4000/make_believe_public/objects/make_believe_008.jpg",/make_believe_public/items/make_believe_008.html
"Kimberely, Mines de Diamant de Beers","Edouard Foà","1891","Photograph of diamond operations in the Kimberly Mines, controlled by the British De Beers company.","photographs;mining;shaft mining;mine structures","Kimberely, ZA","-28.73891102","24.75849334","Getty Research Institute, Special Collections","","Image;StillImage","image/jpeg","fr","","http://rightsstatements.org/vocab/NoC-US/1.0/","http://localhost:4000/make_believe_public/objects/thumbs/make_believe_009_th.jpg","http://localhost:4000/make_believe_public/objects/make_believe_009.jpg",/make_believe_public/items/make_believe_009.html
"Travailleurs days les Mines de Diamant","Edouard Foà","1891","Photograph of two laborers working inside the Kimberely Mines.","photographs;laborers;hand tools","Kimberely, ZA","-28.73891102","24.75849334","Getty Research Institute, Special Collections","","Image;StillImage","image/jpeg","fr","","http://rightsstatements.org/vocab/NoC-US/1.0/","http://localhost:4000/make_believe_public/objects/thumbs/make_believe_010_th.jpg","http://localhost:4000/make_believe_public/objects/make_believe_010.jpg",/make_believe_public/items/make_believe_010.html
"Die Perle, Chromolithograph Illustration","Martin Gerlach","1872","Illustration of a series of gold, diamond and pearl jewelry.","chromolithographs;brooches;jewelry;pins (jewelry);rings (jewelry)","","","","The Miriam and Ira D. Wallach Division of Art, Prints and Photographs, Art &amp; Architecture Collection, New York Public Library.","","Image;StillImage","image/jpeg","de","","http://rightsstatements.org/vocab/NoC-US/1.0/","http://localhost:4000/make_believe_public/objects/thumbs/make_believe_011_th.jpg","http://localhost:4000/make_believe_public/objects/make_believe_011.jpg",/make_believe_public/items/make_believe_011.html
"Portrait of James J. Hill","Charles Alfred Zimmerman","1885","Studio portrait of the founder of the Great Northern Railroad company.","portraits;vests (garments);jackets;facial hairstyles","St. Paul, MN","44.95352842","-93.09369854","Minnesota Historical Society, Minnesota Digital Library","","Image;StillImage","image/jpeg","eng","","http://rightsstatements.org/vocab/NoC-US/1.0/","http://localhost:4000/make_believe_public/objects/thumbs/make_believe_012_th.jpg","http://localhost:4000/make_believe_public/objects/make_believe_012.jpg",/make_believe_public/items/make_believe_012.html
"Great Northern Railway and Connections","Great Northern Railway","1909","Map of the Great Nothern Railway stations, reaching from St. Paul, MN to Seattle, WA.","transportation maps;railroads (infrastructure);cartography (discipline)","","","","Manuscripts, Archives, and Special Collections, Washington State University Libraries","","Image;StillImage","image/jpeg","eng","","http://rightsstatements.org/vocab/NoC-US/1.0/","http://localhost:4000/make_believe_public/objects/thumbs/make_believe_013_th.jpg","http://localhost:4000/make_believe_public/objects/make_believe_013.jpg",/make_believe_public/items/make_believe_013.html
"Advertisement for Dutch Settlement in Montana","Great Northern Railway","1910-10-05","Advertisement for the Chinook, Montana settlement in a Wisconsin-based Dutch language newspaper.","advertising;immigration;farmers (people in agriculture);farming (activity or system);newspapers","De Pere, WI","44.44884606","-88.05831432","Delpher","","Image;StillImage","image/jpeg","nl","","http://rightsstatements.org/vocab/NoC-US/1.0/","http://localhost:4000/make_believe_public/objects/thumbs/make_believe_014_th.jpg","http://localhost:4000/make_believe_public/objects/make_believe_014.jpg",/make_believe_public/items/make_believe_014.html
"Herman Antonie Van Valkenburg","","1890","Studio portrait","studio portraits;facial hairstyles;facial hairstyles;greatcoats","Spokane, WA","47.65849572","-117.4203818","&quot;Miscellaneous Photos,&quot; nod., Northwestern and Pacific Hypotheek Bank Records, General Operations (Two or More Companies), Box 11, Folder 9, Eastern Washington State Historical Society (Northwest Museum of Arts and Culture), Spokane, WA. https: //archiveswest.orbiscascade.org/ark: 80444/xv314396.","","Image;StillImage","image/jpeg","nl","","http://rightsstatements.org/vocab/NoC-US/1.0/","http://localhost:4000/make_believe_public/objects/thumbs/make_believe_015_th.jpg","http://localhost:4000/make_believe_public/objects/make_believe_015.jpg",/make_believe_public/items/make_believe_015.html
"Spokane and the Inland Empire","Northern Pacific Railroad","1900","Booster pamphlet cover illustration","pamphlets;boosterism;natural landscapes;mountains (landforms);railroad logos","Cheney, WA","47.48707358","-117.5750755","Inland Automobile Association Records, 1903–1974 (inclusive), 7 cubic ft., SPC 974-0011, Archives &amp; Special Collections, Eastern Washington University Libraries, Cheney, WA.","","Image;StillImage","image/jpeg","eng","","http://rightsstatements.org/vocab/NoC-US/1.0/","http://localhost:4000/make_believe_public/objects/thumbs/make_believe_016_th.jpg","http://localhost:4000/make_believe_public/objects/make_believe_016.jpg",/make_believe_public/items/make_believe_016.html
"View of Cook&#39;s Motor Line from Spokane Heights","C. Windsor","1890-04","Bird&#39;s eye Spokane residential area illustration","cityscapes (representations);streetcars;hills (landforms);urban areas","St. Paul, MN","44.95352842","-93.09369854","Ned M. Barnes Northwest Room, Spokane Public Library","","Image;StillImage","image/jpeg","eng","","http://rightsstatements.org/vocab/NoC-US/1.0/","http://localhost:4000/make_believe_public/objects/thumbs/make_believe_017_th.jpg","http://localhost:4000/make_believe_public/objects/make_believe_017.jpg",/make_believe_public/items/make_believe_017.html
"Phoenix Lumber Company Letterhead","Phoenix Lumber Company","1918-10-03","Detail from correspondence between the company and the Arcadia Valley Fruit Grower&#39;s Association","letterheads;commercial correspondence;botanical illustrations;graphic design","Spokane, WA","47.65849572","-117.4203818","Arcadia Valley Fruit Growers Association Records, 1909-1918. MsSC 115. Eastern Washington State Historical Society (Northwest Museum of Arts and Culture). Spokane, WA.","","Image;StillImage","image/jpeg","eng","","http://rightsstatements.org/vocab/NoC-US/1.0/","http://localhost:4000/make_believe_public/objects/thumbs/make_believe_018_th.jpg","http://localhost:4000/make_believe_public/objects/make_believe_018.jpg",/make_believe_public/items/make_believe_018.html
"Travelling Musicians in Spokane","","1910","Travelling traditional Dutch musicians photographed in a Spokane residence.","photographs;group portraits;brass instruments","Spokane, WA","47.65849572","-117.4203818","&quot;Miscellaneous Photos,&quot; nod., Northwestern and Pacific Hypotheek Bank Records, General Operations (Two or More Companies), Box 11, Folder 9, Eastern Washington State Historical Society (Northwest Museum of Arts and Culture), Spokane, WA. https: //archiveswest.orbiscascade.org/ark: 80444/xv314396.","","Image;StillImage","image/jpeg","eng","","http://rightsstatements.org/vocab/NoC-US/1.0/","http://localhost:4000/make_believe_public/objects/thumbs/make_believe_019_th.jpg","http://localhost:4000/make_believe_public/objects/make_believe_019.jpg",/make_believe_public/items/make_believe_019.html
"Spokane Falls, Below Power Station","Lee Morehouse","1900","Phoenix Saw Mill on right, Spokane Flour Mills on left.","industrial buildings;rapids;brick structures;lumber;sawmills (factories);flour mills","621 W Mallon Avenue, Spokane, WA","47.66515283","-117.421923","Series I: Glass Plate Negatives, Box 41, Major Lee Moorhouse Photographs (PH036), Special Collections and University Archives, University of Oregon Libraries, https: //scua.uoregon.edu/repositories/2/resources/3331.","","Image;StillImage","image/jpeg","eng","","http://rightsstatements.org/vocab/NoC-US/1.0/","http://localhost:4000/make_believe_public/objects/thumbs/make_believe_020_th.jpg","http://localhost:4000/make_believe_public/objects/make_believe_020.jpg",/make_believe_public/items/make_believe_020.html
"Souvenir Card, Spokane, Washington, 1899","","1899","Collage of four buildings and the Monroe St. Bridge.","collages (visual works);arch bridges;souvenirs","Spokane, WA","47.65849572","-117.4203818","Postcard Collection, Northwest Room, Spokane Public Library, identifier NWC 20. NW – Washington – Spokane – Buildings (#02)","","Image;StillImage","image/jpeg","eng","","http://rightsstatements.org/vocab/NoC-US/1.0/","http://localhost:4000/make_believe_public/objects/thumbs/make_believe_021_th.jpg","http://localhost:4000/make_believe_public/objects/make_believe_021.jpg",/make_believe_public/items/make_believe_021.html
"Interior Old National Bank","","1910","Postcard of the Old National Bank interior, featuring two rows of green marble columns.","postcards;postcards;green marble;lighting fixtures;bank buildings","422 W Riverside Ave, Spokane, WA","47.65846588","-117.419144","Postcard Collection, Northwest Room, Spokane Public Library, identifier NWC 20. NW – Washington – Spokane – Banks – Old National Bank (#04)","","Image;StillImage","image/jpeg","eng","","http://rightsstatements.org/vocab/NoC-US/1.0/","http://localhost:4000/make_believe_public/objects/thumbs/make_believe_022_th.jpg","http://localhost:4000/make_believe_public/objects/make_believe_022.jpg",/make_believe_public/items/make_believe_022.html
"Thomas G. Thomson","","1900","Studio portrait","studio portraits;facial hairstyles;neckties","Spokane, WA","47.65849572","-117.4203818","&quot;Miscellaneous Photos,&quot; nod., Northwestern and Pacific Hypotheek Bank Records, General Operations (Two or More Companies), Box 11, Folder 9, Eastern Washington State Historical Society (Northwest Museum of Arts and Culture), Spokane, WA. https: //archiveswest.orbiscascade.org/ark: 80444/xv314396.","","Image;StillImage","image/jpeg","eng","","http://rightsstatements.org/vocab/NoC-US/1.0/","http://localhost:4000/make_believe_public/objects/thumbs/make_believe_023_th.jpg","http://localhost:4000/make_believe_public/objects/make_believe_023.jpg",/make_believe_public/items/make_believe_023.html
"Nederlanders in Amerika","Jacob van Hinte","1928","Copyright Page of &lt;em&gt;Nederlanders in Amerika&lt;/em&gt;","title pages;books;academic dissertations;emigrants;colonies","Groningen, NL","53.21962018","6.56946985","Koninklijke Bibliotheek","","Image;StillImage","image/jpeg","nl","","http://rightsstatements.org/vocab/NoC-US/1.0/","http://localhost:4000/make_believe_public/objects/thumbs/make_believe_024_th.jpg","http://localhost:4000/make_believe_public/objects/make_believe_024.jpg",/make_believe_public/items/make_believe_024.html
"Northwestern and Pacific Hypotheekbank Correspondence","Thomas G. Thomson","1898","Correspondence between Thomson and Alfred R. Stratton","letters (correspondence);commercial correspondence;insurance;real estate","Spokane, WA","47.65849572","-117.4203818","&lt;em&gt;Alfred R. Stratton Papers&lt;/em&gt;, 1895–1944. MsSC 140. Eastern Washington State Historical Society (Northwest Museum of Arts and Culture), Spokane, WA.","","Image;StillImage","image/jpeg","eng","","http://rightsstatements.org/vocab/NoC-US/1.0/","http://localhost:4000/make_believe_public/objects/thumbs/make_believe_025_th.jpg","http://localhost:4000/make_believe_public/objects/make_believe_025.jpg",/make_believe_public/items/make_believe_025.html
"The Monroe Doctrine, 1823","Allyn Cox","1973","Oil on canvas, Great Experiment Hall, Cox Corridors, Us. Capitol.","murals (general, decorations on wall);oil paintings (visual works);terrestrial globes;military uniforms;classicism","Washington, DC","38.89011424","-77.00814928","Photograph by Architect of the Capitol, October 12, 2011, https: //www.aoc.gov.","","Image;StillImage","image/jpeg","eng","","http://rightsstatements.org/vocab/NoC-US/1.0/","http://localhost:4000/make_believe_public/objects/thumbs/make_believe_026_th.jpg","http://localhost:4000/make_believe_public/objects/make_believe_026.jpg",/make_believe_public/items/make_believe_026.html
"The Pull of the Monroe Magnet","Udo Keppler","1913-08-13","Political cartoon featured in &lt;em&gt;Puck Magazine&lt;/em&gt;.","political cartoons;caricatures;magnets;explosions;satire (artistic device)","","","","Geographicus Rare Antique Maps, https: //www.geographicus.com/P/AntiqueMap/monroemagnet-puck-1913 (accessed June 15, 2024).","","Image;StillImage","image/jpeg","eng","","http://rightsstatements.org/vocab/NoC-US/1.0/","http://localhost:4000/make_believe_public/objects/thumbs/make_believe_027_th.jpg","http://localhost:4000/make_believe_public/objects/make_believe_027.jpg",/make_believe_public/items/make_believe_027.html
"Uncle Sam Sees the Danger","&quot;L.A.D.&quot;","1901-02--01","Political cartoon","political cartoons;public schools (institutions);ships","Tacoma, WA","47.25601169","-122.445065","Tacoma Public Library Northwest Room, identifier AS021901.png, https: //www.tacomalibrary.org/northwest-room (accessed June 15, 2024).","","Image;StillImage","image/jpeg","eng","","http://rightsstatements.org/vocab/NoC-US/1.0/","http://localhost:4000/make_believe_public/objects/thumbs/make_believe_028_th.jpg","http://localhost:4000/make_believe_public/objects/make_believe_028.jpg",/make_believe_public/items/make_believe_028.html
"Pat Kanim, Snoqualmie Chief","George N. Moore","1855","Photographic print on cabinet card (copied from an earlier tintype, possibly 1850s), ca. 1855 (printed after 1870).","photographs;tintypes (photographs);hats;feathers (animal components)","","","","Museum of History and Industry, Seattle, SHS1679, accession no. 6888, University of Washington, https: //mohai.org/ (accessed June 15, 2024).","","Image;StillImage","image/jpeg","eng","","http://rightsstatements.org/vocab/NoC-US/1.0/","http://localhost:4000/make_believe_public/objects/thumbs/make_believe_029_th.jpg","http://localhost:4000/make_believe_public/objects/make_believe_029.jpg",/make_believe_public/items/make_believe_029.html
"The &quot;Sawmill Phoenix&quot;","","1892","&lt;em&gt;Phoenix Lumber Company and Sawmill on the riverbank at the foot of Post&lt;/em&gt; and Wall Streets.","sawmills (factories);industrial sites;lumber;smokestacks;log wagons","N Post St &amp; W Spokane Falls Blvd, Spokane, WA","47.66050946","-117.4235346","Oversized Photo Collection, Box 10, #05, Northwest Room, Spokane Public Library.","","Image;StillImage","image/jpeg","eng","","http://rightsstatements.org/vocab/NoC-US/1.0/","http://localhost:4000/make_believe_public/objects/thumbs/make_believe_030_th.jpg","http://localhost:4000/make_believe_public/objects/make_believe_030.jpg",/make_believe_public/items/make_believe_030.html
"City of Sunshine and Power Booster Pamphlet","Shaw &amp; Borden Company","1907","Brochure published by the Spokane company as a celebration of the 18th anniversary of their business with cover illustration engraving work done by the American Engraving Company of Spokane.","brochures;promotional materials;engraving (action);illustrations","609 Riverside Avenue, Spokane, WA","47.65765135","-117.4218746","Eastern Washington State Historical Society. Ephemera Business Collection. Northwest Museum of Arts and Culture, Spokane, WA.","","Image;StillImage","image/jpeg","eng","","http://rightsstatements.org/vocab/NoC-US/1.0/","http://localhost:4000/make_believe_public/objects/thumbs/make_believe_031_th.jpg","http://localhost:4000/make_believe_public/objects/make_believe_031.jpg",/make_believe_public/items/make_believe_031.html
"Main Power of the Spokane River","C. Windsor","1890-01","Illustration of the Spokane Falls and surrounding businesses.","illustrations;rivers;waterfalls (natural bodies of water);bridges;industrial buildings","Spokane, WA","47.65849572","-117.4203818","Inland Northwest Special Collections, Spokane Public Library, Spokane, WA.","","Image;StillImage","image/jpeg","eng","","http://rightsstatements.org/vocab/NoC-US/1.0/","http://localhost:4000/make_believe_public/objects/thumbs/make_believe_032_th.jpg","http://localhost:4000/make_believe_public/objects/make_believe_032.jpg",/make_believe_public/items/make_believe_032.html
"E. F. Cartier Van Dissel","","1902","Studio portrait","studio portraits;bow ties;facial hairstyles","","","","New York Public Library, Digital Collections, https: //archive.org/details/menofpacificcoas00sanf (accessed June 15, 2024).","","Image;StillImage","image/jpeg","eng","","http://rightsstatements.org/vocab/NoC-US/1.0/","http://localhost:4000/make_believe_public/objects/thumbs/make_believe_033_th.jpg","http://localhost:4000/make_believe_public/objects/make_believe_033.jpg",/make_believe_public/items/make_believe_033.html
"Article on Dutch Settlement in Springdale","","1913-08-17","Advertisement for the Springdale, WA settlement in English-language newspaper.","advertising;newspapers;real estate;immigration;deforestation;economic development","Spokane, WA","47.65849572","-117.4203818","&lt;em&gt;Spokane Chronicle&lt;/em&gt; (Spokane, WA), October 17, 1913, p. 8.","","Image;StillImage","image/jpeg","eng","","http://rightsstatements.org/vocab/NoC-US/1.0/","http://localhost:4000/make_believe_public/objects/thumbs/make_believe_034_th.jpg","http://localhost:4000/make_believe_public/objects/make_believe_034.jpg",/make_believe_public/items/make_believe_034.html
"Diary Entry","Abraham Rutgers Van der Loeff","1893","A short story written by the author titled &quot;Chinese Spiritualism&quot;, featuring a series of racialize illustrations of Chinese caricatures, dragons and devils.","diaries;handwriting;caricatures;dragons;marginal illustrations","Groningen, NL","53.21962018","6.56946985","A. Rutgers Van der Loeff Diaries, 1893?–1916. MsSC 125. Eastern Washington State Historical Society (Northwest Museum of Arts and Culture), Spokane, WA.","","Image;StillImage","image/jpeg","nl","","http://rightsstatements.org/vocab/NoC-US/1.0/","http://localhost:4000/make_believe_public/objects/thumbs/make_believe_035_th.jpg","http://localhost:4000/make_believe_public/objects/make_believe_035.jpg",/make_believe_public/items/make_believe_035.html
"Spokane Athletic Club","Adolph Selige Publishing Company","1907","Postcard of the Spokane Athletic Club.","postcards;postcards;athletic clubs;arches;windows;flags","Spokane, WA","47.65849572","-117.4203818","Postcard Collection, Northwest Room, Spokane Public Library, accessed January 24, 2026, https: //lange.spokanelibrary.org/items/show/5185.","","Image;StillImage","image/jpeg","eng","","http://rightsstatements.org/vocab/NoC-US/1.0/","http://localhost:4000/make_believe_public/objects/thumbs/make_believe_036_th.jpg","http://localhost:4000/make_believe_public/objects/make_believe_036.jpg",/make_believe_public/items/make_believe_036.html
"First Annual Minstrel Show","Spokane Athletic Club","1913-02-11","Brochure for event at the Spokane Auditorium Theater","brochures;graphic design;entertainment events;advertising","Spokane, WA","47.65849572","-117.4203818","Marjorie Norman Hawkins Papers, 1913–1968. MsSC 153. Eastern Washington State Historical Society (Northwest Museum of Arts and Culture). Spokane, WA.","","Image;StillImage","image/jpeg","eng","","http://rightsstatements.org/vocab/NoC-US/1.0/","http://localhost:4000/make_believe_public/objects/thumbs/make_believe_037_th.jpg","http://localhost:4000/make_believe_public/objects/make_believe_037.jpg",/make_believe_public/items/make_believe_037.html
"Injured Innocence","Centennial Mill Company","1910","Trade card advertisement for Centennial Mills Company.","trade cards;advertising;printed ephemera;kitchens;furniture;flour mills","Spokane, WA","47.65849572","-117.4203818","Eastern Washington State Historical Society. Ephemera Collection. Northwest Museum of Arts and Culture, Spokane, WA.","","Image;StillImage","image/jpeg","eng","","http://rightsstatements.org/vocab/NoC-US/1.0/","http://localhost:4000/make_believe_public/objects/thumbs/make_believe_038_th.jpg","http://localhost:4000/make_believe_public/objects/make_believe_038.jpg",/make_believe_public/items/make_believe_038.html
"Injured Innocence, Detail","Centennial Mill Company","1910","Detail of trade card advertisement for Centennial Mills Company.","trade cards;advertising;wheatstacks;packaging","Spokane, WA","47.65849572","-117.4203818","Eastern Washington State Historical Society. Ephemera Collection. Northwest Museum of Arts and Culture, Spokane, WA.","","Image;StillImage","image/jpeg","eng","","http://rightsstatements.org/vocab/NoC-US/1.0/","http://localhost:4000/make_believe_public/objects/thumbs/make_believe_039_th.jpg","http://localhost:4000/make_believe_public/objects/make_believe_039.jpg",/make_believe_public/items/make_believe_039.html
"Spokane Falls and Her Natural Resources","Northwest Industrial Exposition","1890","Map of the natural resources in and around Spokane for the 1890 Northwest Industrial Exposition.","maps (documents);townscapes (representations);rivers;mining;agriculture (discipline);industry (economic concept)","Spokane, WA","47.65849572","-117.4203818","Eastern Washington State Historical Society. Ephemera Collection. Northwest Museum of Arts and Culture, Spokane, WA.","","Image;StillImage","image/jpeg","eng","","http://rightsstatements.org/vocab/NoC-US/1.0/","http://localhost:4000/make_believe_public/objects/thumbs/make_believe_040_th.jpg","http://localhost:4000/make_believe_public/objects/make_believe_040.jpg",/make_believe_public/items/make_believe_040.html
"Spokane Falls and Her Natural Resources, Detail","Northwest Industrial Exposition","1890","Detail of a map of the natural resources in and around Spokane for the 1890 Northwest Industrial Exposition.","natural resources;industrial expositions;grids (layout features)","Spokane, WA","47.65849572","-117.4203818","Eastern Washington State Historical Society. Ephemera Collection. Northwest Museum of Arts and Culture, Spokane, WA.","","Image;StillImage","image/jpeg","eng","","http://rightsstatements.org/vocab/NoC-US/1.0/","http://localhost:4000/make_believe_public/objects/thumbs/make_believe_041_th.jpg","http://localhost:4000/make_believe_public/objects/make_believe_041.jpg",/make_believe_public/items/make_believe_041.html
"Northern Light, Lodge No. 70","International Order of Good Templars","1905","Ribbon from the organization.","insignia ribbons;banners;processional banners","Spokane, WA","47.65849572","-117.4203818","Sutton Family Papers, ca. 1884- ca. 1910. MsSC 131. Eastern Washington State Historical Society (Northwest Museum of Arts and Culture). Spokane, WA.","","Image;StillImage","image/jpeg","eng","","http://rightsstatements.org/vocab/NoC-US/1.0/","http://localhost:4000/make_believe_public/objects/thumbs/make_believe_042_th.jpg","http://localhost:4000/make_believe_public/objects/make_believe_042.jpg",/make_believe_public/items/make_believe_042.html
"Spokane -- Parades (#07)","Thomas White Tolman","1905-08-25","Procession of Masonic Blue Lodges to new Temple on Riverside Avenue at dedication.","processions;Ionic columns;bicycles;outbuildings","1110 W Riverside Ave, Spokane, WA","47.65849572","-117.4203818","Spokane Public Library, accessed January 24, 2026, https: //lange.spokanelibrary.org/items/show/2810.","","Image;StillImage","image/jpeg","eng","","http://rightsstatements.org/vocab/NoC-US/1.0/","http://localhost:4000/make_believe_public/objects/thumbs/make_believe_043_th.jpg","http://localhost:4000/make_believe_public/objects/make_believe_043.jpg",/make_believe_public/items/make_believe_043.html
"Damon and Pythias Illustration","Knights of Pythias, Western Star Division, No. 7","1894-01-03","Depiction of the characters Damon and Pythias beneath a banner with the letters FCB, standing for friendship, charity and benevolence.","figures (illustrations);banners;armor","Spokane, WA","47.65849572","-117.4203818","Sutton Family Papers, ca. 1884- ca. 1910. MsSC 131. Eastern Washington State Historical Society (Northwest Museum of Arts and Culture). Spokane, WA.","","Image;StillImage","image/jpeg","eng","","http://rightsstatements.org/vocab/NoC-US/1.0/","http://localhost:4000/make_believe_public/objects/thumbs/make_believe_044_th.jpg","http://localhost:4000/make_believe_public/objects/make_believe_044.jpg",/make_believe_public/items/make_believe_044.html
"Charles Woodruff Clarke","The Fraternal Identification Co. of America","1907-08-21","Fraternal Identification Card.","certificates;printed materials (object genre);signatures (names)","Spokane, WA","47.65849572","-117.4203818","Charles Woodruff Clarke Papers, 1866-1933. Ms 27. Eastern Washington State Historical Society (Northwest Museum of Arts and Culture). Spokane, WA.","","Image;StillImage","image/jpeg","eng","","http://rightsstatements.org/vocab/NoC-US/1.0/","http://localhost:4000/make_believe_public/objects/thumbs/make_believe_045_th.jpg","http://localhost:4000/make_believe_public/objects/make_believe_045.jpg",/make_believe_public/items/make_believe_045.html
"Shriner Cecil Walwrath","Richards Photography Studio","1945","Kodachrome stereoscopic images of Shriner Cecil Walwrath in brown face makeup and pseudo-Middle Eastern dress.","stereoscopic photography;Kodachrome (TM);photographs;performance costumes;cultural appropriation","Tacoma, WA","47.25601169","-122.445065","Northwest Room, Spokane Public Library","","Image;StillImage","image/jpeg","eng","","http://rightsstatements.org/vocab/NoC-US/1.0/","http://localhost:4000/make_believe_public/objects/thumbs/make_believe_046_th.jpg","http://localhost:4000/make_believe_public/objects/make_believe_046.gif",/make_believe_public/items/make_believe_046.html
"Sixteen Factories in One","The Henderson-Ames Company","1900","Back cover of the company&#39;s catalogue with illustrations of the facilities from various angles.","marginal illustrations;manufactories;industrial buildings;smokestacks;rail transportation equipment","Kalamazoo, MI","42.29157856","-85.5878968","Eastern Washington University Archives, John F. Kennedy Memorial Library, Cheney, WA.","","Image;StillImage","image/jpeg","eng","","http://rightsstatements.org/vocab/NoC-US/1.0/","http://localhost:4000/make_believe_public/objects/thumbs/make_believe_047_th.jpg","http://localhost:4000/make_believe_public/objects/make_believe_047.jpg",/make_believe_public/items/make_believe_047.html
"Miller-Dervant Business Card","The Miller-Dervant Company","1905","Ornate engraved business card for the Spokane-based costumers and wig designers.","business cards;engraving (action);graphic design;floral patterns;typography;advertising","124 Post Street, Spokane, WA","47.65624296","-117.423533","Miller-Dervant Company Records, 1896-1955. MsSC 198. Eastern Washington State Historical Society (Northwest Museum of Arts and Culture). Spokane, WA.","","Image;StillImage","image/jpeg","eng","","http://rightsstatements.org/vocab/NoC-US/1.0/","http://localhost:4000/make_believe_public/objects/thumbs/make_believe_048_th.jpg","http://localhost:4000/make_believe_public/objects/make_believe_048.jpg",/make_believe_public/items/make_believe_048.html
"Gentleman&#39;s Costumes","The Miller-Dervant Company","1906","Sample of costumes available, including Uncle Sam, Negro Minstrel and Polar Bear.","performance costumes;costumes (character dress);figures (illustrations)","124 Post Street, Spokane, WA","47.65624296","-117.423533","Miller-Dervant Company Records, 1896-1955. MsSC 198. Eastern Washington State Historical Society (Northwest Museum of Arts and Culture). Spokane, WA.","","Image;StillImage","image/jpeg","eng","","http://rightsstatements.org/vocab/NoC-US/1.0/","http://localhost:4000/make_believe_public/objects/thumbs/make_believe_049_th.jpg","http://localhost:4000/make_believe_public/objects/make_believe_049.jpg",/make_believe_public/items/make_believe_049.html
"We Contract to Makeup and Costume Plays","The Miller-Dervant Company","1906","Back cover illustration of the 1906 Miller-Dervant costume catalogue.","costumes (character dress);illustrations;trade catalogs;advertising;costumes (character dress)","124 Post Street, Spokane, WA","47.65624296","-117.423533","Miller-Dervant Company Records, 1896-1955. MsSC 198. Eastern Washington State Historical Society (Northwest Museum of Arts and Culture). Spokane, WA.","","Image;StillImage","image/jpeg","eng","","http://rightsstatements.org/vocab/NoC-US/1.0/","http://localhost:4000/make_believe_public/objects/thumbs/make_believe_050_th.jpg","http://localhost:4000/make_believe_public/objects/make_believe_050.jpg",/make_believe_public/items/make_believe_050.html
"The Dance of the Dutch","E.T. Hawk","1913","Photo that may be documenting an event from the 1913 Spokane Pow Wow, taken from the bleachers of Glover Field, then known as The Stadium, looking out onto the Monroe Bridge and Spokane River.","photographs;parades;spectators (event observers);arch bridges;bleachers;rivers","Glover Field, Spokane, WA","47.65979743","-117.431453","E.T. Hawk Photograph Collection. SPC-023-0996. Item SPC-023-0996_02_266. Eastern Washington University Archives, John F. Kennedy Memorial Library, Cheney, WA.","","Image;StillImage","image/jpeg","eng","","http://rightsstatements.org/vocab/NoC-US/1.0/","http://localhost:4000/make_believe_public/objects/thumbs/make_believe_051_th.jpg","http://localhost:4000/make_believe_public/objects/make_believe_051.jpg",/make_believe_public/items/make_believe_051.html
"The Dance of the Dutch, Detail","E.T. Hawk","1913","Detail of photograph that may be documenting an event from the 1913 Spokane Pow Wow.","photographs;children&#39;s clothing;musical performances;hats;stripes","Glover Field, Spokane, WA","47.65979743","-117.431453","E.T. Hawk Photograph Collection. SPC-023-0996. Item SPC-023-0996_02_266. Eastern Washington University Archives, John F. Kennedy Memorial Library, Cheney, WA.","","Image;StillImage","image/jpeg","eng","","http://rightsstatements.org/vocab/NoC-US/1.0/","http://localhost:4000/make_believe_public/objects/thumbs/make_believe_052_th.jpg","http://localhost:4000/make_believe_public/objects/make_believe_052.jpg",/make_believe_public/items/make_believe_052.html
"Songs as Sung at the Dutch Mill","Coeur d&#39;Alene Hotel","1940","Cover of the song folder for the Dutch Mill.","songbooks;sheet music;musical instruments;accordions;trumpets;guitars","232 N Howard St, Spokane, WA","47.66003752","-117.4208342","Jerome Peltier Archive of Spokane Area History, 1934-2004. MsSC 5753. Eastern Washington State Historical Society (Northwest Museum of Arts and Culture). Spokane, WA.","","Image;StillImage","image/jpeg","eng;de","","http://rightsstatements.org/vocab/NoC-US/1.0/","http://localhost:4000/make_believe_public/objects/thumbs/make_believe_053_th.jpg","http://localhost:4000/make_believe_public/objects/make_believe_053.jpg",/make_believe_public/items/make_believe_053.html
"Business Card","Holland Advertising Company","1910","Business card featuring an illustration of a young woman in pigtails in front of a windmill.","business cards;windmills;advertising;commercial art;typography","717 W Main Avenue, Spokane, WA","47.6590355","-117.4227972","Spokane Flour Mill Records, 1903–1948. Ms 3. Eastern Washington State Historical Society (Northwest Museum of Arts and Culture). Spokane, WA.","","Image;StillImage","image/jpeg","eng","","http://rightsstatements.org/vocab/NoC-US/1.0/","http://localhost:4000/make_believe_public/objects/thumbs/make_believe_054_th.jpg","http://localhost:4000/make_believe_public/objects/make_believe_054.jpg",/make_believe_public/items/make_believe_054.html
"Advertisement","Flyer Flexible","1894-01-03","Advertisement featuring a caricature of a German-American.","advertising;advertising;caricatures","Spokane, WA","47.65849572","-117.4203818","Sutton Family Papers, ca. 1884- ca. 1910. MsSC 131. Eastern Washington State Historical Society (Northwest Museum of Arts and Culture). Spokane, WA.","","Image;StillImage","image/jpeg","eng","","http://rightsstatements.org/vocab/NoC-US/1.0/","http://localhost:4000/make_believe_public/objects/thumbs/make_believe_055_th.jpg","http://localhost:4000/make_believe_public/objects/make_believe_055.jpg",/make_believe_public/items/make_believe_055.html
"SS Great Northern","Kiser Photo Company","1915-03-15","Great Northern Railway steamship on the Columbia River near Flavel, Oregon.","steamships;flags;boats;rivers","Flavel, Oregon (historical)","46.19014109","-123.928846","5.8 × 9.1 in., Org. Lot 78, Box 6, Folder 7, Item 003, Oregon Historical Society Library, Portland, OR.","","Image;StillImage","image/jpeg","eng","","http://rightsstatements.org/vocab/NoC-US/1.0/","http://localhost:4000/make_believe_public/objects/thumbs/make_believe_056_th.jpg","http://localhost:4000/make_believe_public/objects/make_believe_056.jpg",/make_believe_public/items/make_believe_056.html
"Oriental Baths and Laundry","Ryosuke Akashi","1913","Photograph of Spokane storefront.","photographs;storefronts;bathhouses (water recreation structures);laundries (businesses);signage;portraits","Spokane, WA","47.65849572","-117.4203818","Joel E. Ferris Research Archives, Northwest Museum of Arts and Culture (Eastern Washington State Historical Society), Spokane, WA, accessed January 24, 2026, https: //lange.spokanelibrary.org/items/show/5985.","","Image;StillImage","image/jpeg","eng;ja","","http://rightsstatements.org/vocab/NoC-US/1.0/","http://localhost:4000/make_believe_public/objects/thumbs/make_believe_057_th.jpg","http://localhost:4000/make_believe_public/objects/make_believe_057.jpg",/make_believe_public/items/make_believe_057.html
"Spokane Parade Scene","E.T. Hawk","1913","&quot;Chinese themed parade participants on
Riverside Avenue&quot;","parades;street scenes;banners;paper lanterns;spectators (event observers);umbrellas","914 W Riverside Ave, Spokane, WA","47.6581197","-117.4261855","E.T. Hawk Photograph Collection. SPC-023-0996. Item SPC-023-0996_03_407. Eastern Washington University Archives, John F. Kennedy Memorial Library, Cheney, WA.","","Image;StillImage","image/jpeg","eng","","http://rightsstatements.org/vocab/NoC-US/1.0/","http://localhost:4000/make_believe_public/objects/thumbs/make_believe_058_th.jpg","http://localhost:4000/make_believe_public/objects/make_believe_058.jpg",/make_believe_public/items/make_believe_058.html
"Tai Chi Company Flour Sack","Spokane Flour Mills","1910","Spokane Flour Mills wholesale flour design for trade in Chinese markets.","packaging;fabricators;trademarks","","","","Eastern Washington State Historical Society. Artifacts Collection. Northwest Museum of Arts and Culture, Spokane, WA.","","Image;StillImage","image/jpeg","eng","","http://rightsstatements.org/vocab/NoC-US/1.0/","http://localhost:4000/make_believe_public/objects/thumbs/make_believe_059_th.jpg","http://localhost:4000/make_believe_public/objects/make_believe_059.jpg",/make_believe_public/items/make_believe_059.html
"Pato Brand Flour Sack","Spokane Flour Mills","1910","Spokane Flour Mills wholesale flour design for trade in Filipino markets.","packaging;cloth;advertising;advertising","","","","Eastern Washington State Historical Society. Artifacts Collection. Northwest Museum of Arts and Culture, Spokane, WA.","","Image;StillImage","image/jpeg","eng","","http://rightsstatements.org/vocab/NoC-US/1.0/","http://localhost:4000/make_believe_public/objects/thumbs/make_believe_060_th.jpg","http://localhost:4000/make_believe_public/objects/make_believe_060.jpg",/make_believe_public/items/make_believe_060.html
"Orchard Brand Flour Sack","Spokane Flour Mills","1910","Spokane Flour Mills wholesale flour design for trade in Chinese markets.","textiles (visual works);trademarks;Chinese characters (writing system);flowers (plant components)","","","","Eastern Washington State Historical Society. Artifacts Collection. Northwest Museum of Arts and Culture, Spokane, WA.","","Image;StillImage","image/jpeg","eng;zh","","http://rightsstatements.org/vocab/NoC-US/1.0/","http://localhost:4000/make_believe_public/objects/thumbs/make_believe_061_th.jpg","http://localhost:4000/make_believe_public/objects/make_believe_061.jpg",/make_believe_public/items/make_believe_061.html
"Raymond E. Bigelow Leading the Pow Wow","E.T. Hawk","1913","Director of the Spokane Ad Club Raymond E. Bigelow leading the Pow Wow Celebration in brown face make up and Indigenous dress as &quot;Big Chief I&quot;.","parades;celebrations;costumes (character dress);headdresses;street scenes;banners","","","","E.T. Hawk Photograph Collection. SPC-023-0996. Item SPC-023-0996_03_378. Eastern Washington University Archives, John F. Kennedy Memorial Library, Cheney, WA.","","Image;StillImage","image/jpeg","eng","","http://rightsstatements.org/vocab/NoC-US/1.0/","http://localhost:4000/make_believe_public/objects/thumbs/make_believe_062_th.jpg","http://localhost:4000/make_believe_public/objects/make_believe_062.jpg",/make_believe_public/items/make_believe_062.html
"Miss Spokane and Queen Caroline Testout","Spokane Ad Club","1913","Marguerite Motie as Miss Spokane and four year-old Mildred Tucker as Queen Caroline Testout.","postcards;day dresses;roses (flowers);headbands (headgear);sashes (costume accessories)","","","","Postcard Collection, Northwest Room, Spokane Public Library, accessed January 24, 2026, https: //lange.spokanelibrary.org/items/show/5261.","","Image;StillImage","image/jpeg","eng","","http://rightsstatements.org/vocab/NoC-US/1.0/","http://localhost:4000/make_believe_public/objects/thumbs/make_believe_063_th.jpg","http://localhost:4000/make_believe_public/objects/make_believe_063.jpg",/make_believe_public/items/make_believe_063.html
"The American Wonderland","Spokane Chamber of Commerce","1910","Illustration of Marguerite Motie as Miss Spokane above a map of the Pacific Northwest.","illustrations;promotional materials;maps (documents)","","","","Eastern Washington State Historical Society. Ephemera Collection. Northwest Museum of Arts and Culture, Spokane, WA.","","Image;StillImage","image/jpeg","eng","","http://rightsstatements.org/vocab/NoC-US/1.0/","http://localhost:4000/make_believe_public/objects/thumbs/make_believe_064_th.jpg","http://localhost:4000/make_believe_public/objects/make_believe_064.jpg",/make_believe_public/items/make_believe_064.html
"Big Chief I Bids You Be Merry","Spokane Ad Club;Spokane Chamber of Commerce","1913","Introduction to the program, featuring Raymond E. Bigelow, Marguerite Motie as Miss Spokane and Spokane irrigation leader Fm. March.","posters;Native American regalia;headdresses;advertising","Spokane, WA","47.65849572","-117.4203818","Eastern Washington University Archives, John F. Kennedy Memorial Library, Cheney, WA.","","Image;StillImage","image/jpeg","eng","","http://rightsstatements.org/vocab/NoC-US/1.0/","http://localhost:4000/make_believe_public/objects/thumbs/make_believe_065_th.jpg","http://localhost:4000/make_believe_public/objects/make_believe_065.jpg",/make_believe_public/items/make_believe_065.html
"Frontier Recreation Scene in Parade","Charles A. (Charles August) Libby","1936-08","Parade showing wagons, streetcars and buses.","parades;streetcars;buses;cityscapes (representations);awnings","Spokane, WA","47.65849572","-117.4203818","Northwest Room, Spokane Public Library, accessed January 24, 2026, https: //lange.spokanelibrary.org/items/show/2808.","","Image;StillImage","image/jpeg","eng","","http://rightsstatements.org/vocab/NoC-US/1.0/","http://localhost:4000/make_believe_public/objects/thumbs/make_believe_066_th.jpg","http://localhost:4000/make_believe_public/objects/make_believe_066.jpg",/make_believe_public/items/make_believe_066.html
"Lunette Decorations in the Old National Bank","","1908-09","Lunette decorations and interior view of bank building, designed by architect All. Rand.","lunettes (wall components);arches;statues;interior design","422 W Riverside Ave, Spokane, WA","47.65846588","-117.419144","Eastern Washington State Historical Society. Ephemera Collection. Northwest Museum of Arts and Culture, Spokane, WA.","","Image;StillImage","image/jpeg","eng","","http://rightsstatements.org/vocab/NoC-US/1.0/","http://localhost:4000/make_believe_public/objects/thumbs/make_believe_067_th.jpg","http://localhost:4000/make_believe_public/objects/make_believe_067.jpg",/make_believe_public/items/make_believe_067.html
"Lunette Decorations in the Old National Bank, Detail","","1908-09","Lunette decorations and interior view of bank building, designed by architect All. Rand.","lunettes (wall components);arches;murals (general, decorations on wall)","422 W Riverside Ave, Spokane, WA","47.65846588","-117.419144","Eastern Washington State Historical Society. Ephemera Collection. Northwest Museum of Arts and Culture, Spokane, WA.","","Image;StillImage","image/jpeg","eng","","http://rightsstatements.org/vocab/NoC-US/1.0/","http://localhost:4000/make_believe_public/objects/thumbs/make_believe_068_th.jpg","http://localhost:4000/make_believe_public/objects/make_believe_068.jpg",/make_believe_public/items/make_believe_068.html
"New Year&#39;s Greetings","Fred C. Brisley","1892-01","Cover illustration for the Annual Illustrated Spokane Spokesman.","plates (illustrations);annuals (publications);cityscapes (representations);medallions (ornament areas)","Minneapolis, MN","44.97794162","-93.25715648","Inland Northwest Special Collections, Spokane Public Library, Spokane, WA.","","Image;StillImage","image/jpeg","eng","","http://rightsstatements.org/vocab/NoC-US/1.0/","http://localhost:4000/make_believe_public/objects/thumbs/make_believe_069_th.jpg","http://localhost:4000/make_believe_public/objects/make_believe_069.jpg",/make_believe_public/items/make_believe_069.html
"Studio Portrait with Classical Iconography","Samuel D. Owings Studio","1910","Example of studio portraiture in Spokane with unknown model.","studio portraits;guitars;pedestals;flowers (plant components);day dresses","816 Riverside Avenue, Spokane, WA","47.65851548","-117.4243232","Sutton Family Papers, ca. 1884- ca. 1910. MsSC 131. Eastern Washington State Historical Society (Northwest Museum of Arts and Culture). Spokane, WA.","","Image;StillImage","image/jpeg","eng","","http://rightsstatements.org/vocab/NoC-US/1.0/","http://localhost:4000/make_believe_public/objects/thumbs/make_believe_070_th.jpg","http://localhost:4000/make_believe_public/objects/make_believe_070.jpg",/make_believe_public/items/make_believe_070.html
"Studio Portrait with Classical Iconography, Detail","Samuel D. Owings Studio","1910","Detail of studio portraiture in Spokane highlighting horsehair mats imitating grass within a controlled studio space.","portraits;horsehair;rock carvings","816 Riverside Avenue, Spokane, WA","47.65851548","-117.4243232","Sutton Family Papers, ca. 1884- ca. 1910. MsSC 131. Eastern Washington State Historical Society (Northwest Museum of Arts and Culture). Spokane, WA.","","Image;StillImage","image/jpeg","eng","","http://rightsstatements.org/vocab/NoC-US/1.0/","http://localhost:4000/make_believe_public/objects/thumbs/make_believe_071_th.jpg","http://localhost:4000/make_believe_public/objects/make_believe_071.jpg",/make_believe_public/items/make_believe_071.html
"Marie Antoinettes","E.T. Hawk","1910","Scattered group of parade participants wearing French Noblewomen costumes on Riverside Avenue.","photographs;parades;costumes (character dress);street scenes;hats","811 W Riverside Avenue, Spokane, WA","47.6577859","-117.4244858","E.T. Hawk Photograph Collection. SPC-023-0996. Item SPC-023-0996_02_348. Eastern Washington University Archives, John F. Kennedy Memorial Library, Cheney, WA.","","Image;StillImage","image/jpeg","eng","","http://rightsstatements.org/vocab/NoC-US/1.0/","http://localhost:4000/make_believe_public/objects/thumbs/make_believe_072_th.jpg","http://localhost:4000/make_believe_public/objects/make_believe_072.jpg",/make_believe_public/items/make_believe_072.html
"Library with Classical Iconography","Hyslop and Westcot Architects","1911","Interior of residential library in an issue of the Inland Empire Architect magazine.","fireplaces;Doric columns;Ionic columns;bookshelves;armchairs","Spokane, WA","47.65849572","-117.4203818","Inland Empire Architect Collection, Eastern Washington State Historical Society, Northwest Museum of Arts and Culture, Spokane, WA.","","Image;StillImage","image/jpeg","eng","","http://rightsstatements.org/vocab/NoC-US/1.0/","http://localhost:4000/make_believe_public/objects/thumbs/make_believe_073_th.jpg","http://localhost:4000/make_believe_public/objects/make_believe_073.jpg",/make_believe_public/items/make_believe_073.html
"Green Velvet Effect Wallpaper","John W. Graham &amp; Co.","1910","Illustration from &lt;em&gt;Wall Papers; Artistic Wall Hangings&lt;/em&gt;, nod.","wallpapers;plates (illustrations);fireplaces;vases;interior design","Spokane, WA","47.65849572","-117.4203818","&lt;em&gt;Andrew T. Amos Papers&lt;/em&gt;, 1904–1911, MsSC 11, Eastern Washington State Historical Society, Northwest Museum of Arts and Culture, Spokane, WA.","","Image;StillImage","image/jpeg","eng","","http://rightsstatements.org/vocab/NoC-US/1.0/","http://localhost:4000/make_believe_public/objects/thumbs/make_believe_074_th.jpg","http://localhost:4000/make_believe_public/objects/make_believe_074.jpg",/make_believe_public/items/make_believe_074.html
"Circus Room Mural","","1935","Louis Davenport and Abraham Rutgers Van der Loeff in the &quot;Circus Room&quot;.","murals (general, decorations on wall);ladders;horses","10 S Post St, Spokane, WA 99201","47.6570422","-117.4240403","Northwest Room, Spokane Public Library, accessed January 24, 2026, https: //lange.spokanelibrary.org/items/show/2726.","","Image;StillImage","image/jpeg","eng","","http://rightsstatements.org/vocab/NoC-US/1.0/","http://localhost:4000/make_believe_public/objects/thumbs/make_believe_075_th.jpg","http://localhost:4000/make_believe_public/objects/make_believe_075.jpg",/make_believe_public/items/make_believe_075.html
"Sign of the Calling","Abraham Rutgers Van der Loeff","1935","Detail of the Circus Room Mural by Abraham Rutgers Van der Loeff depicting a man presenting a Masonic hand gesture behind his back and a young man nearby mimicking the sign.","murals (general, decorations on wall);gesture;symbolism (artistic concept)","10 S Post St, Spokane, WA 99201","47.6570422","-117.4240403","Tornado Creek Publications","","Image;StillImage","image/jpeg","eng","","http://rightsstatements.org/vocab/NoC-US/1.0/","http://localhost:4000/make_believe_public/objects/thumbs/make_believe_076_th.jpg","http://localhost:4000/make_believe_public/objects/make_believe_076.jpg",/make_believe_public/items/make_believe_076.html
"Valley View Addition","H.M. Adams","1915","Promotional booster map for an irrigated addition of logged-over farmland outside of Spokane.","promotional materials;real estate;real estate development;irrigation systems;transportation infrastructure","Liberty Lake, WA","47.67465247","-117.1114369","Charles Woodruff Clarke Papers, 1866-1933. Ms 27. Eastern Washington State Historical Society (Northwest Museum of Arts and Culture). Spokane, WA.","","Image;StillImage","image/jpeg","eng","","http://rightsstatements.org/vocab/NoC-US/1.0/","http://localhost:4000/make_believe_public/objects/thumbs/make_believe_077_th.jpg","http://localhost:4000/make_believe_public/objects/make_believe_077.jpg",/make_believe_public/items/make_believe_077.html
"Spokane Commission Dinner","Frank H. Nowell","1909-05","Dinner held in the Education Building during the Alaska Yukon Pacific Exposition in Seattle. E.F. Cartier Van Dissel seated in the foreground at the right.","dinners;fair buildings;industrial expositions","W Stevens Wy NE, Seattle, WA","47.65229487","-122.306686","University of Washington Libraries, Special Collections, [AYP373]. Accessed August 17, 2025. https: //digitalcollections.lib.washington.edu/digital/collection/ayp/id/466.","","Image;StillImage","image/jpeg","eng","","http://rightsstatements.org/vocab/NoC-US/1.0/","http://localhost:4000/make_believe_public/objects/thumbs/make_believe_078_th.jpg","http://localhost:4000/make_believe_public/objects/make_believe_078.jpg",/make_believe_public/items/make_believe_078.html
"Exposition of Apples","National Apple Show, Incorporated","1908-11-28","Letterhead detail from the National Apple Show, noting Elf. Cartier Van Dissel (Phoenix Sawmill and Lumber Company), Henry M. Richards (Washington Water Power Company) and Lois W. Hill (Great Northern Railway) as associates.","letterheads;art exhibitions;advertising;fruit","202 W 2nd Ave, Spokane, WA","47.65527324","-117.4154851","Spokane Flour Mill Records, 1903–1948. Ms 3. Eastern Washington State Historical Society (Northwest Museum of Arts and Culture). Spokane, WA.","","Image;StillImage","image/jpeg","eng","","http://rightsstatements.org/vocab/NoC-US/1.0/","http://localhost:4000/make_believe_public/objects/thumbs/make_believe_079_th.jpg","http://localhost:4000/make_believe_public/objects/make_believe_079.jpg",/make_believe_public/items/make_believe_079.html
"The Arrival in Spokane","William C. Morris","1911-11-23","Cartoon depicting the arrival of the apple caricatures in Spokane in front of the Old Armory Building.","editorial cartoons;cartoons (humorous images);caricatures;fair buildings;flags","202 W 2nd Ave, Spokane, WA","47.65527324","-117.4154851","Adam H. Irving Papers, 1905-1943. MsSC 141. Eastern Washington State Historical Society (Northwest Museum of Arts and Culture). Spokane, WA.","","Image;StillImage","image/jpeg","eng","","http://rightsstatements.org/vocab/NoC-US/1.0/","http://localhost:4000/make_believe_public/objects/thumbs/make_believe_080_th.jpg","http://localhost:4000/make_believe_public/objects/make_believe_080.jpg",/make_believe_public/items/make_believe_080.html
"Termination of Tenancy","Northwestern and Pacific Hypotheekbank","1933-12-05","Notice issued from the bank to the Miller-Dervant costume company.","legal notices;legal documents;real estate;commercial buildings","209-211 Post Street, Spokane, WA","47.65398154","-117.4232802","Miller-Dervant Company Records, 1896-1955. MsSC 198. Eastern Washington State Historical Society (Northwest Museum of Arts and Culture). Spokane, WA.","","Image;StillImage","image/jpeg","eng","","http://rightsstatements.org/vocab/NoC-US/1.0/","http://localhost:4000/make_believe_public/objects/thumbs/make_believe_081_th.jpg","http://localhost:4000/make_believe_public/objects/make_believe_081.jpg",/make_believe_public/items/make_believe_081.html
"Phoenix Lumber Company Float","H.W. Wilkes","1910","Horse-drawn parade float on a dirt road.","parades;horse-drawn vehicles;banners;flags;lumber","Medical Lake, WA","47.57269698","-117.6851006","Medical Lake Heritage Collection, Medical Lake Historical Society, Washington Rural Heritage, https: //washingtonruralheritage.org/cdm/ref/collection/medicallake/id/1 (accessed June 15, 2024).","","Image;StillImage","image/jpeg","eng","","http://rightsstatements.org/vocab/NoC-US/1.0/","http://localhost:4000/make_believe_public/objects/thumbs/make_believe_082_th.jpg","http://localhost:4000/make_believe_public/objects/make_believe_082.jpg",/make_believe_public/items/make_believe_082.html
"A. R. Van der Loeff Show Cards","Abraham Rutgers Van der Loeff","1910-04-19","Letterhead illustration for the commercial artist from an invoice directed to Spokane Flour Mills.","letterheads;commercial art;windmills;invoices","216-298 S Post St., Spokane, WA","47.65391603","-117.4234361","Spokane Flour Mill Records, 1903–1948. Ms 3. Eastern Washington State Historical Society (Northwest Museum of Arts and Culture). Spokane, WA.","","Image;StillImage","image/jpeg","eng","","http://rightsstatements.org/vocab/NoC-US/1.0/","http://localhost:4000/make_believe_public/objects/thumbs/make_believe_083_th.jpg","http://localhost:4000/make_believe_public/objects/make_believe_083.jpg",/make_believe_public/items/make_believe_083.html
"Dutch Colonial Interests","Arbuckle Brothers","1890","Series of illustrations depicting Dutch colonial interests from &lt;em&gt;&lt;em&gt;Arbuckles&#39; Illustrated Atlas of Fifty Principal Nations of The World&lt;/em&lt;/em&gt;.","plates (illustrations);colonialism;maps;plantations;harvesting;sailing vessels","","","","David Rumsey Historical Map Collection","","Image;StillImage","image/jpeg","eng","","http://rightsstatements.org/vocab/NoC-US/1.0/","http://localhost:4000/make_believe_public/objects/thumbs/make_believe_084_th.jpg","http://localhost:4000/make_believe_public/objects/make_believe_084.jpg",/make_believe_public/items/make_believe_084.html
"Born Before the Fire","E.T. Hawk","1910","Two women riding in the back of an automobile in a parade line, flying a banner reading &quot;Native Daughters of Spokane. Born Before the Fire.&quot;","parades;open automobiles;banners;umbrellas;hats;awnings","Spokane, WA","47.65849572","-117.4203818","E.T. Hawk Photograph Collection. SPC-023-0996. Item SPC-023-0996_03_414. Eastern Washington University Archives, John F. Kennedy Memorial Library, Cheney, WA.","","Image;StillImage","image/jpeg","eng","","http://rightsstatements.org/vocab/NoC-US/1.0/","http://localhost:4000/make_believe_public/objects/thumbs/make_believe_085_th.jpg","http://localhost:4000/make_believe_public/objects/make_believe_085.jpg",/make_believe_public/items/make_believe_085.html
"Colville, Washington","","1900","Small, sparsely populated city center of Colville, WA.","cityscapes (representations);main streets;street scenes;horse-drawn vehicles;utility poles;hills (landforms)","Colville, WA","48.54493786","-117.9022105","Spokane Public Library, accessed February 26, 2026, https: //lange.spokanelibrary.org/items/show/4636","","Image;StillImage","image/jpeg","eng","","http://rightsstatements.org/vocab/NoC-US/1.0/","http://localhost:4000/make_believe_public/objects/thumbs/make_believe_086_th.jpg","http://localhost:4000/make_believe_public/objects/make_believe_086.jpg",/make_believe_public/items/make_believe_086.html
"Bound for Wineland","","1895-04-17","Charles Evans as Leif Eriksson in “&lt;em&gt;Bound for Wineland&lt;/em&gt;” parade.","parades;life floats;performance costumes;boats;spectators (event observers)","Tacoma, WA","47.25601169","-122.445065","TPL-4135, Northwest Room, Spokane Public Library.","","Image;StillImage","image/jpeg","eng","","http://rightsstatements.org/vocab/NoC-US/1.0/","http://localhost:4000/make_believe_public/objects/thumbs/make_believe_087_th.jpg","http://localhost:4000/make_believe_public/objects/make_believe_087.jpg",/make_believe_public/items/make_believe_087.html
"Birds Eye View of Spokane","Carl Dahlgren","1880","Illustration of Spokane created in the early 1880s.","illustrations;urban landscapes;valleys (landforms);roads","Spokane, WA","47.65849572","-117.4203818","Eastern Washington State Historical Society. Ephemera Collection. Northwest Museum of Arts and Culture, Spokane, WA.","","Image;StillImage","image/jpeg","eng","","http://rightsstatements.org/vocab/NoC-US/1.0/","http://localhost:4000/make_believe_public/objects/thumbs/make_believe_088_th.jpg","http://localhost:4000/make_believe_public/objects/make_believe_088.jpg",/make_believe_public/items/make_believe_088.html
"Birds Eye View of Spokane, Detail","Carl Dahlgren","1880","Detail of illustration, revealing the artist beside two figures wearing top hats.","figures (illustrations);urban landscapes;top hats (hats);umbrellas;easels;cityscapes (representations)","Spokane, WA","47.65849572","-117.4203818","Eastern Washington State Historical Society. Ephemera Collection. Northwest Museum of Arts and Culture, Spokane, WA.","","Image;StillImage","image/jpeg","eng","","http://rightsstatements.org/vocab/NoC-US/1.0/","http://localhost:4000/make_believe_public/objects/thumbs/make_believe_089_th.jpg","http://localhost:4000/make_believe_public/objects/make_believe_089.jpg",/make_believe_public/items/make_believe_089.html
"Made in Spokane","The 150,000 Club","1908-03-31","Letterhead logo for the 1500, 000 Club from an invoice issued to the Spokane Flour Mills.","logos;letterheads;emblems (symbols);triangles (polygons);typography","Spokane, WA","47.65849572","-117.4203818","Spokane Flour Mill Records, 1903–1948. Ms 3. Eastern Washington State Historical Society (Northwest Museum of Arts and Culture). Spokane, WA.","","Image;StillImage","image/jpeg","eng","","http://rightsstatements.org/vocab/NoC-US/1.0/","http://localhost:4000/make_believe_public/objects/thumbs/make_believe_090_th.jpg","http://localhost:4000/make_believe_public/objects/make_believe_090.jpg",/make_believe_public/items/make_believe_090.html

